variable,param_1F,param_2F
Z‘î,0.703722897,0.526031728
‹¤“¯Z‘î,1.008789032,0.563921881
¤‹Æ{İ,0.707182772,0.749560009
“X•Ü“™•¹—pZ‘î,0.489151117,0.756269837
“X•Ü“™•¹—p‹¤“¯Z‘î,0.831804154,0.70334355
‹ó’n,0,0
