pr_R[h,pr,(2Fȏ),(1F)
401,Ɩ{,0.68739,0.82502
402,Ǝ{,0.80584,0.66914
403,h{,0.82464,0.55813
404,ƌn{,0.80584,0.66914
411,Z,0.57567,0.64974
412,Z,0.58833,0.9594
413,XܓpZ,0.74575,0.50458
414,XܓpZ,0.70918,0.76023
415,ƏpZ,0.5592,0.61492
421,{,0.82464,0.55813
422,{,0.82464,0.55813
431,^AqɎ{,0.49613,0.76551
441,H,0.45686,0.68924
,̑,0.82464,0.55813
